{
  "tombstone:tutorial/root": {
    "criteria": {
      "auto": "2024-06-16 00:54:34 +0000"
    },
    "done": true
  },
  "nocubessrparmory:advsrparmoryroot": {
    "criteria": {
      "advsrparmoryroot": "2024-06-16 00:54:35 +0000"
    },
    "done": true
  },
  "nocubessrpnests:advsrpnestsaddonroot": {
    "criteria": {
      "advsrpnestsaddonroot": "2024-06-16 00:54:35 +0000"
    },
    "done": true
  },
  "minecraft:adventure/adventuring_time": {
    "criteria": {
      "taiga": "2024-06-16 00:54:34 +0000",
      "roofed_forest": "2024-06-16 18:08:36 +0000"
    },
    "done": false
  },
  "nocubessrpsurvival:advparasitesurvivalroot": {
    "criteria": {
      "advparasitesurvivalroot": "2024-06-16 00:54:35 +0000"
    },
    "done": true
  }
}